{
  "mean": [
    375.5729415583279,
    53.02181867566297,
    180.2160916043175,
    5.0246875,
    11.75078125,
    3.0253125
  ],
  "scale": [
    474.8019573047248,
    22.328507516372415,
    104.68565911796084,
    4.182517546567396,
    6.944889039045163,
    2.0072485589343763
  ],
  "feature_names": [
    "dwell_time",
    "speed_before",
    "heading",
    "visit_count",
    "hour",
    "day_of_week"
  ]
}